{
  "layer_order": [
    "text",
    "pin",
    "wire",
    "annotate",
    "instance",
    "device"
  ],
  "device": {
    "stroke_color": "#00FF00",
    "stroke_width": 2.0,
    "text_color": "#FF0000",
    "font_size": 16.0,
    "sch_visible": true
  },
  "instance": {
    "stroke_color": "#0000FF",
    "stroke_width": 1.0,
    "text_color": "#0000FF",
    "font_size": 16.0,
    "sch_visible": false
  },
  "wire": {
    "stroke_color": "#00FFFF",
    "stroke_width": 2.0,
    "text_color": "#00CCCC",
    "font_size": 16.0,
    "sch_visible": true
  },
  "wire_show_intersection": true,
  "annotate": {
    "stroke_color": "#00FF00",
    "stroke_width": 1.0,
    "text_color": "#FF9900",
    "font_size": 10.0,
    "sch_visible": false
  },
  "pin": {
    "stroke_color": "#3d2e2e",
    "stroke_width": 2.0,
    "text_color": "#FF0000",
    "font_size": 16.0,
    "sch_visible": true
  },
  "text": {
    "stroke_color": "#666666",
    "stroke_width": 1.0,
    "text_color": "#666666",
    "font_size": 16.0,
    "sch_visible": true
  }
}