{
  "design": {
    "lib": "amacro3_0_gen_TB_mos3",
    "cell": "V2I"
  },
  "instances": [
    {
      "name": "M13",
      "lib": "amacro3_0_gen_TB_mos3",
      "cell": "pch_25od33_mac",
      "x": 5.3125,
      "y": 0.9375,
      "orient": "R0"
    },
    {
      "name": "M12",
      "lib": "amacro3_0_gen_TB_mos3",
      "cell": "pch_25od33_mac",
      "x": 3.125,
      "y": 0.9375,
      "orient": "R0"
    },
    {
      "name": "M11",
      "lib": "amacro3_0_gen_TB_mos3",
      "cell": "pch_25od33_mac",
      "x": 0.6875,
      "y": 0.875,
      "orient": "R0"
    },
    {
      "name": "M10",
      "lib": "amacro3_0_gen_TB_mos3",
      "cell": "pch_25od33_mac",
      "x": 0.5,
      "y": 0.5625,
      "orient": "MY"
    },
    {
      "name": "M9",
      "lib": "amacro3_0_gen_TB_mos3",
      "cell": "pch_25od33_mac",
      "x": 5.625,
      "y": 0.5625,
      "orient": "R0"
    },
    {
      "name": "M8",
      "lib": "amacro3_0_gen_TB_mos3",
      "cell": "pch_25od33_mac",
      "x": 5.25,
      "y": 0.5625,
      "orient": "MY"
    },
    {
      "name": "M7",
      "lib": "amacro3_0_gen_TB_mos3",
      "cell": "pch_25od33_mac",
      "x": 6.5,
      "y": 0.5625,
      "orient": "R0"
    },
    {
      "name": "M6",
      "lib": "amacro3_0_gen_TB_mos3",
      "cell": "pch_25od33_mac",
      "x": 1.125,
      "y": 0.5625,
      "orient": "R0"
    },
    {
      "name": "M5",
      "lib": "amacro3_0_gen_TB_mos3",
      "cell": "pch_25od33_mac",
      "x": 3.75,
      "y": 0.5625,
      "orient": "R0"
    },
    {
      "name": "M4",
      "lib": "amacro3_0_gen_TB_mos3",
      "cell": "pch_25od33_mac",
      "x": 3.0,
      "y": 0.5625,
      "orient": "MY"
    },
    {
      "name": "M19",
      "lib": "amacro3_0_gen_TB_mos3",
      "cell": "pch_25od33_mac",
      "x": 7.0,
      "y": -1.3125,
      "orient": "MY"
    },
    {
      "name": "M18",
      "lib": "amacro3_0_gen_TB_mos3",
      "cell": "pch_25od33_mac",
      "x": 1.125,
      "y": -1.3125,
      "orient": "R0"
    },
    {
      "name": "R1",
      "lib": "tsmcN28",
      "cell": "rupolym",
      "x": 4.0,
      "y": -1.375,
      "orient": "R0"
    },
    {
      "name": "R0",
      "lib": "tsmcN28",
      "cell": "rupolym",
      "x": 2.75,
      "y": -1.375,
      "orient": "R0"
    },
    {
      "name": "PIN4",
      "lib": "amacro3_0_gen_TB_mos3",
      "cell": "ipin",
      "x": 0.96875,
      "y": 1.78125,
      "orient": "R0"
    },
    {
      "name": "PIN3",
      "lib": "amacro3_0_gen_TB_mos3",
      "cell": "ipin",
      "x": 0.96875,
      "y": 1.90625,
      "orient": "R0"
    },
    {
      "name": "PIN2",
      "lib": "amacro3_0_gen_TB_mos3",
      "cell": "ipin",
      "x": 0.96875,
      "y": 2.03125,
      "orient": "R0"
    },
    {
      "name": "PIN0",
      "lib": "basic",
      "cell": "iopin",
      "x": 0.9375,
      "y": 2.3125,
      "orient": "R0"
    },
    {
      "name": "PIN6",
      "lib": "basic",
      "cell": "iopin",
      "x": 5.90625,
      "y": 0.15625,
      "orient": "R0"
    },
    {
      "name": "PIN5",
      "lib": "basic",
      "cell": "iopin",
      "x": -1.25,
      "y": -0.625,
      "orient": "R0"
    },
    {
      "name": "PIN1",
      "lib": "basic",
      "cell": "iopin",
      "x": 0.9375,
      "y": 2.1875,
      "orient": "R0"
    },
    {
      "name": "M22",
      "lib": "amacro3_0_gen_TB_mos3",
      "cell": "nch_25od33_dnw_mac",
      "x": -1.0625,
      "y": -1.65625,
      "orient": "R0"
    },
    {
      "name": "M17",
      "lib": "amacro3_0_gen_TB_mos3",
      "cell": "nch_25od33_dnw_mac",
      "x": 5.125,
      "y": -1.40625,
      "orient": "R0"
    },
    {
      "name": "M16",
      "lib": "amacro3_0_gen_TB_mos3",
      "cell": "nch_25od33_dnw_mac",
      "x": 2.125,
      "y": -1.40625,
      "orient": "R0"
    },
    {
      "name": "M15",
      "lib": "amacro3_0_gen_TB_mos3",
      "cell": "nch_25od33_dnw_mac",
      "x": -1.0625,
      "y": -1.3125,
      "orient": "MY"
    },
    {
      "name": "M14",
      "lib": "amacro3_0_gen_TB_mos3",
      "cell": "nch_25od33_dnw_mac",
      "x": 0.0,
      "y": -1.3125,
      "orient": "R0"
    },
    {
      "name": "M1",
      "lib": "amacro3_0_gen_TB_mos3",
      "cell": "nch_25od33_dnw_mac",
      "x": 4.25,
      "y": -0.9375,
      "orient": "MY"
    },
    {
      "name": "M0",
      "lib": "amacro3_0_gen_TB_mos3",
      "cell": "nch_25od33_dnw_mac",
      "x": 2.5,
      "y": -0.9375,
      "orient": "R0"
    }
  ],
  "wires": [
    {
      "net": "gnda",
      "points": [
        [
          1.375,
          -2.0
        ],
        [
          1.375,
          -1.5
        ]
      ]
    },
    {
      "net": "gnda",
      "points": [
        [
          6.75,
          -2.0
        ],
        [
          6.75,
          -1.5
        ]
      ]
    },
    {
      "net": "net10",
      "points": [
        [
          2.75,
          -1.375
        ],
        [
          2.75,
          -1.25
        ]
      ]
    },
    {
      "net": "net11",
      "points": [
        [
          4.0,
          -1.375
        ],
        [
          4.0,
          -1.25
        ]
      ]
    },
    {
      "net": "gnda",
      "points": [
        [
          2.75,
          -2.0
        ],
        [
          2.75,
          -1.75
        ]
      ]
    },
    {
      "net": "net10",
      "points": [
        [
          2.90625,
          -1.25
        ],
        [
          2.90625,
          -1.0
        ]
      ]
    },
    {
      "net": "gnda",
      "points": [
        [
          4.0,
          -2.0
        ],
        [
          4.0,
          -1.75
        ]
      ]
    },
    {
      "net": "gnda",
      "points": [
        [
          4.0,
          -2.0
        ],
        [
          5.375,
          -2.0
        ]
      ]
    },
    {
      "net": "net4",
      "points": [
        [
          2.75,
          -0.75
        ],
        [
          2.75,
          0.3125
        ]
      ]
    },
    {
      "net": "net4",
      "points": [
        [
          3.0,
          0.5625
        ],
        [
          3.0625,
          0.5625
        ]
      ]
    },
    {
      "net": "net4",
      "points": [
        [
          2.75,
          0.3125
        ],
        [
          2.75,
          0.375
        ]
      ]
    },
    {
      "net": "net4",
      "points": [
        [
          3.0625,
          0.5625
        ],
        [
          3.375,
          0.5625
        ]
      ]
    },
    {
      "net": "net4",
      "points": [
        [
          2.75,
          0.3125
        ],
        [
          3.0625,
          0.3125
        ]
      ]
    },
    {
      "net": "net4",
      "points": [
        [
          3.0625,
          0.3125
        ],
        [
          3.0625,
          0.5625
        ]
      ]
    },
    {
      "net": "net2",
      "points": [
        [
          4.0,
          -0.75
        ],
        [
          4.0,
          0.25
        ]
      ]
    },
    {
      "net": "net10",
      "points": [
        [
          2.75,
          -1.0
        ],
        [
          2.90625,
          -1.0
        ]
      ]
    },
    {
      "net": "net11",
      "points": [
        [
          3.8125,
          -1.25
        ],
        [
          3.8125,
          -1.0
        ]
      ]
    },
    {
      "net": "net10",
      "points": [
        [
          2.75,
          -1.25
        ],
        [
          2.90625,
          -1.25
        ]
      ]
    },
    {
      "net": "net10",
      "points": [
        [
          2.75,
          -1.25
        ],
        [
          2.75,
          -1.125
        ]
      ]
    },
    {
      "net": "net11",
      "points": [
        [
          3.8125,
          -1.0
        ],
        [
          4.0,
          -1.0
        ]
      ]
    },
    {
      "net": "gnda",
      "points": [
        [
          2.75,
          -2.0
        ],
        [
          4.0,
          -2.0
        ]
      ]
    },
    {
      "net": "net11",
      "points": [
        [
          3.8125,
          -1.25
        ],
        [
          4.0,
          -1.25
        ]
      ]
    },
    {
      "net": "net11",
      "points": [
        [
          4.0,
          -1.25
        ],
        [
          4.0,
          -1.125
        ]
      ]
    },
    {
      "net": "vdda",
      "points": [
        [
          1.375,
          1.25
        ],
        [
          2.75,
          1.25
        ]
      ]
    },
    {
      "net": "gnda",
      "points": [
        [
          5.375,
          -2.0
        ],
        [
          6.75,
          -2.0
        ]
      ]
    },
    {
      "net": "vdda",
      "points": [
        [
          4.0,
          1.25
        ],
        [
          5.0,
          1.25
        ]
      ]
    },
    {
      "net": "ibn",
      "points": [
        [
          -1.3125,
          -1.0
        ],
        [
          -1.0,
          -1.0
        ]
      ]
    },
    {
      "net": "net8",
      "points": [
        [
          6.75,
          -1.125
        ],
        [
          6.75,
          -0.9375
        ]
      ]
    },
    {
      "net": "vdda",
      "points": [
        [
          1.375,
          0.75
        ],
        [
          1.375,
          1.25
        ]
      ]
    },
    {
      "net": "vdda",
      "points": [
        [
          6.75,
          0.75
        ],
        [
          6.75,
          1.25
        ]
      ]
    },
    {
      "net": "vdda",
      "points": [
        [
          2.75,
          1.25
        ],
        [
          3.375,
          1.25
        ]
      ]
    },
    {
      "net": "vdda",
      "points": [
        [
          2.75,
          0.75
        ],
        [
          2.75,
          1.25
        ]
      ]
    },
    {
      "net": "vdda",
      "points": [
        [
          4.0,
          0.75
        ],
        [
          4.0,
          1.25
        ]
      ]
    },
    {
      "net": "vdda",
      "points": [
        [
          0.25,
          0.75
        ],
        [
          0.25,
          1.25
        ]
      ]
    },
    {
      "net": "vdda",
      "points": [
        [
          0.25,
          1.25
        ],
        [
          0.9375,
          1.25
        ]
      ]
    },
    {
      "net": "net6",
      "points": [
        [
          1.375,
          -1.25
        ],
        [
          1.375,
          -1.125
        ]
      ]
    },
    {
      "net": "vdda",
      "points": [
        [
          0.25,
          0.625
        ],
        [
          0.25,
          0.75
        ]
      ]
    },
    {
      "net": "net12",
      "points": [
        [
          0.5,
          0.5625
        ],
        [
          0.59375,
          0.5625
        ]
      ]
    },
    {
      "net": "net12",
      "points": [
        [
          0.25,
          -1.125
        ],
        [
          0.25,
          0.25
        ]
      ]
    },
    {
      "net": "net12",
      "points": [
        [
          0.9375,
          0.5625
        ],
        [
          1.0,
          0.5625
        ]
      ]
    },
    {
      "net": "net12",
      "points": [
        [
          0.59375,
          0.25
        ],
        [
          0.59375,
          0.5625
        ]
      ]
    },
    {
      "net": "net12",
      "points": [
        [
          0.25,
          0.25
        ],
        [
          0.25,
          0.375
        ]
      ]
    },
    {
      "net": "net12",
      "points": [
        [
          0.25,
          0.25
        ],
        [
          0.59375,
          0.25
        ]
      ]
    },
    {
      "net": "net12",
      "points": [
        [
          0.59375,
          0.5625
        ],
        [
          0.9375,
          0.5625
        ]
      ]
    },
    {
      "net": "net12",
      "points": [
        [
          1.0,
          -0.125
        ],
        [
          6.5,
          -0.125
        ]
      ]
    },
    {
      "net": "net12",
      "points": [
        [
          6.5,
          -0.125
        ],
        [
          6.5,
          0.5625
        ]
      ]
    },
    {
      "net": "vdda",
      "points": [
        [
          1.375,
          0.625
        ],
        [
          1.375,
          0.75
        ]
      ]
    },
    {
      "net": "vdda",
      "points": [
        [
          2.75,
          0.625
        ],
        [
          2.75,
          0.75
        ]
      ]
    },
    {
      "net": "vdda",
      "points": [
        [
          4.0,
          0.625
        ],
        [
          4.0,
          0.75
        ]
      ]
    },
    {
      "net": "net2",
      "points": [
        [
          5.25,
          0.5625
        ],
        [
          5.3125,
          0.5625
        ]
      ]
    },
    {
      "net": "vdda",
      "points": [
        [
          5.0,
          1.25
        ],
        [
          5.5625,
          1.25
        ]
      ]
    },
    {
      "net": "vdda",
      "points": [
        [
          5.0,
          0.75
        ],
        [
          5.0,
          1.25
        ]
      ]
    },
    {
      "net": "vdda",
      "points": [
        [
          5.875,
          0.75
        ],
        [
          5.875,
          1.25
        ]
      ]
    },
    {
      "net": "net2",
      "points": [
        [
          5.3125,
          0.5625
        ],
        [
          5.5625,
          0.5625
        ]
      ]
    },
    {
      "net": "vdda",
      "points": [
        [
          5.0,
          0.625
        ],
        [
          5.0,
          0.75
        ]
      ]
    },
    {
      "net": "iout",
      "points": [
        [
          5.875,
          0.1875
        ],
        [
          5.875,
          0.375
        ]
      ]
    },
    {
      "net": "net2",
      "points": [
        [
          4.0,
          0.25
        ],
        [
          4.0,
          0.375
        ]
      ]
    },
    {
      "net": "net2",
      "points": [
        [
          5.0,
          0.25
        ],
        [
          5.0,
          0.375
        ]
      ]
    },
    {
      "net": "net2",
      "points": [
        [
          4.0,
          0.25
        ],
        [
          5.0,
          0.25
        ]
      ]
    },
    {
      "net": "net2",
      "points": [
        [
          5.0,
          0.25
        ],
        [
          5.3125,
          0.25
        ]
      ]
    },
    {
      "net": "net2",
      "points": [
        [
          5.5625,
          0.5625
        ],
        [
          5.625,
          0.5625
        ]
      ]
    },
    {
      "net": "net2",
      "points": [
        [
          5.3125,
          0.25
        ],
        [
          5.3125,
          0.5625
        ]
      ]
    },
    {
      "net": "net6",
      "points": [
        [
          1.375,
          -1.125
        ],
        [
          1.375,
          -0.9375
        ]
      ]
    },
    {
      "net": "net8",
      "points": [
        [
          6.75,
          -0.9375
        ],
        [
          6.75,
          0.375
        ]
      ]
    },
    {
      "net": "net8",
      "points": [
        [
          4.25,
          -0.9375
        ],
        [
          5.375,
          -0.9375
        ]
      ]
    },
    {
      "net": "vref",
      "points": [
        [
          0.84375,
          -1.3125
        ],
        [
          1.125,
          -1.3125
        ]
      ]
    },
    {
      "net": "vin",
      "points": [
        [
          7.0,
          -1.3125
        ],
        [
          7.375,
          -1.3125
        ]
      ]
    },
    {
      "net": "vdda",
      "points": [
        [
          0.9375,
          1.25
        ],
        [
          1.375,
          1.25
        ]
      ]
    },
    {
      "net": "vdda",
      "points": [
        [
          0.9375,
          1.0625
        ],
        [
          0.9375,
          1.25
        ]
      ]
    },
    {
      "net": "net12",
      "points": [
        [
          1.0,
          0.5625
        ],
        [
          1.125,
          0.5625
        ]
      ]
    },
    {
      "net": "net12",
      "points": [
        [
          0.9375,
          0.5625
        ],
        [
          0.9375,
          0.6875
        ]
      ]
    },
    {
      "net": "net12",
      "points": [
        [
          1.0,
          -0.125
        ],
        [
          1.0,
          0.5625
        ]
      ]
    },
    {
      "net": "vdda",
      "points": [
        [
          0.9375,
          0.9375
        ],
        [
          0.9375,
          1.0625
        ]
      ]
    },
    {
      "net": "en",
      "points": [
        [
          0.5,
          0.875
        ],
        [
          0.6875,
          0.875
        ]
      ]
    },
    {
      "net": "vdda",
      "points": [
        [
          5.78125,
          0.75
        ],
        [
          5.875,
          0.625
        ]
      ]
    },
    {
      "net": "net2",
      "points": [
        [
          5.5625,
          0.5625
        ],
        [
          5.5625,
          0.75
        ]
      ]
    },
    {
      "net": "vdda",
      "points": [
        [
          5.5625,
          1.25
        ],
        [
          5.875,
          1.25
        ]
      ]
    },
    {
      "net": "vdda",
      "points": [
        [
          5.875,
          1.25
        ],
        [
          6.75,
          1.25
        ]
      ]
    },
    {
      "net": "vdda",
      "points": [
        [
          5.875,
          0.625
        ],
        [
          5.875,
          0.75
        ]
      ]
    },
    {
      "net": "vdda",
      "points": [
        [
          5.5625,
          1.125
        ],
        [
          5.5625,
          1.25
        ]
      ]
    },
    {
      "net": "vdda",
      "points": [
        [
          5.5625,
          1.0
        ],
        [
          5.5625,
          1.125
        ]
      ]
    },
    {
      "net": "en",
      "points": [
        [
          5.125,
          0.9375
        ],
        [
          5.3125,
          0.9375
        ]
      ]
    },
    {
      "net": "vdda",
      "points": [
        [
          3.375,
          1.25
        ],
        [
          4.0,
          1.25
        ]
      ]
    },
    {
      "net": "vdda",
      "points": [
        [
          3.375,
          1.125
        ],
        [
          3.375,
          1.25
        ]
      ]
    },
    {
      "net": "net4",
      "points": [
        [
          3.375,
          0.5625
        ],
        [
          3.75,
          0.5625
        ]
      ]
    },
    {
      "net": "net4",
      "points": [
        [
          3.375,
          0.5625
        ],
        [
          3.375,
          0.75
        ]
      ]
    },
    {
      "net": "vdda",
      "points": [
        [
          3.375,
          1.0
        ],
        [
          3.375,
          1.125
        ]
      ]
    },
    {
      "net": "en",
      "points": [
        [
          2.9375,
          0.9375
        ],
        [
          3.125,
          0.9375
        ]
      ]
    },
    {
      "net": "gnda",
      "points": [
        [
          0.25,
          -2.0
        ],
        [
          0.25,
          -1.5
        ]
      ]
    },
    {
      "net": "gnda",
      "points": [
        [
          0.25,
          -2.0
        ],
        [
          1.375,
          -2.0
        ]
      ]
    },
    {
      "net": "gnda",
      "points": [
        [
          0.25,
          -1.5
        ],
        [
          0.25,
          -1.375
        ]
      ]
    },
    {
      "net": "gnda",
      "points": [
        [
          -1.3125,
          -2.0
        ],
        [
          -1.3125,
          -1.5
        ]
      ]
    },
    {
      "net": "net6",
      "points": [
        [
          1.375,
          -0.9375
        ],
        [
          1.375,
          0.375
        ]
      ]
    },
    {
      "net": "gnda",
      "points": [
        [
          -1.3125,
          -1.5
        ],
        [
          -1.3125,
          -1.375
        ]
      ]
    },
    {
      "net": "ibn",
      "points": [
        [
          -1.3125,
          -1.0
        ],
        [
          -1.3125,
          -0.625
        ]
      ]
    },
    {
      "net": "ibn",
      "points": [
        [
          -1.3125,
          -1.125
        ],
        [
          -1.3125,
          -1.0
        ]
      ]
    },
    {
      "net": "ibn",
      "points": [
        [
          -1.0625,
          -1.3125
        ],
        [
          -1.0,
          -1.3125
        ]
      ]
    },
    {
      "net": "net6",
      "points": [
        [
          1.375,
          -0.9375
        ],
        [
          2.375,
          -0.9375
        ]
      ]
    },
    {
      "net": "ibn",
      "points": [
        [
          -1.0,
          -1.3125
        ],
        [
          -1.0,
          -1.0
        ]
      ]
    },
    {
      "net": "gnda",
      "points": [
        [
          1.375,
          -2.0
        ],
        [
          2.375,
          -2.0
        ]
      ]
    },
    {
      "net": "gnda",
      "points": [
        [
          2.375,
          -2.0
        ],
        [
          2.75,
          -2.0
        ]
      ]
    },
    {
      "net": "gnda",
      "points": [
        [
          2.375,
          -2.0
        ],
        [
          2.375,
          -1.59375
        ]
      ]
    },
    {
      "net": "net6",
      "points": [
        [
          2.375,
          -0.9375
        ],
        [
          2.5,
          -0.9375
        ]
      ]
    },
    {
      "net": "net6",
      "points": [
        [
          2.375,
          -1.21875
        ],
        [
          2.375,
          -0.9375
        ]
      ]
    },
    {
      "net": "gnda",
      "points": [
        [
          2.375,
          -1.59375
        ],
        [
          2.375,
          -1.46875
        ]
      ]
    },
    {
      "net": "enb",
      "points": [
        [
          1.90625,
          -1.40625
        ],
        [
          2.125,
          -1.40625
        ]
      ]
    },
    {
      "net": "gnda",
      "points": [
        [
          5.375,
          -2.0
        ],
        [
          5.375,
          -1.59375
        ]
      ]
    },
    {
      "net": "net8",
      "points": [
        [
          6.75,
          -1.25
        ],
        [
          6.75,
          -1.125
        ]
      ]
    },
    {
      "net": "net8",
      "points": [
        [
          5.375,
          -1.21875
        ],
        [
          5.375,
          -0.9375
        ]
      ]
    },
    {
      "net": "gnda",
      "points": [
        [
          5.375,
          -1.59375
        ],
        [
          5.375,
          -1.46875
        ]
      ]
    },
    {
      "net": "enb",
      "points": [
        [
          4.90625,
          -1.40625
        ],
        [
          5.125,
          -1.40625
        ]
      ]
    },
    {
      "net": "net8",
      "points": [
        [
          5.375,
          -0.9375
        ],
        [
          6.75,
          -0.9375
        ]
      ]
    },
    {
      "net": "gnda",
      "points": [
        [
          -1.3125,
          -2.0
        ],
        [
          -0.8125,
          -2.0
        ]
      ]
    },
    {
      "net": "ibn",
      "points": [
        [
          -1.0,
          -1.3125
        ],
        [
          -0.8125,
          -1.3125
        ]
      ]
    },
    {
      "net": "gnda",
      "points": [
        [
          -0.8125,
          -2.0
        ],
        [
          -0.8125,
          -1.84375
        ]
      ]
    },
    {
      "net": "ibn",
      "points": [
        [
          -0.8125,
          -1.46875
        ],
        [
          -0.8125,
          -1.3125
        ]
      ]
    },
    {
      "net": "gnda",
      "points": [
        [
          -0.8125,
          -1.84375
        ],
        [
          -0.8125,
          -1.71875
        ]
      ]
    },
    {
      "net": "vdda",
      "points": [
        [
          6.75,
          0.625
        ],
        [
          6.75,
          0.75
        ]
      ]
    },
    {
      "net": "gnda",
      "points": [
        [
          -0.8125,
          -2.0
        ],
        [
          0.25,
          -2.0
        ]
      ]
    },
    {
      "net": "enb",
      "points": [
        [
          -1.0625,
          -1.6875
        ],
        [
          -1.0625,
          -1.65625
        ]
      ]
    },
    {
      "net": "enb",
      "points": [
        [
          -1.125,
          -1.65625
        ],
        [
          -1.0625,
          -1.65625
        ]
      ]
    },
    {
      "net": "enb",
      "points": [
        [
          -1.125,
          -1.65625
        ],
        [
          -1.125,
          -1.625
        ]
      ]
    },
    {
      "net": "enb",
      "points": [
        [
          -1.25,
          -1.625
        ],
        [
          -1.125,
          -1.625
        ]
      ]
    },
    {
      "net": "ibn",
      "points": [
        [
          -0.8125,
          -1.3125
        ],
        [
          0.0,
          -1.3125
        ]
      ]
    }
  ],
  "pins": [
    {
      "name": "vdda",
      "direction": "inputOutput",
      "x": 0.9375,
      "y": 2.3125
    },
    {
      "name": "gnda",
      "direction": "inputOutput",
      "x": 0.9375,
      "y": 2.1875
    },
    {
      "name": "vin",
      "direction": "input",
      "x": 0.96875,
      "y": 2.03125
    },
    {
      "name": "vref",
      "direction": "input",
      "x": 0.96875,
      "y": 1.90625
    },
    {
      "name": "en",
      "direction": "input",
      "x": 0.96875,
      "y": 1.78125
    },
    {
      "name": "ibn",
      "direction": "inputOutput",
      "x": -1.25,
      "y": -0.625
    },
    {
      "name": "iout",
      "direction": "inputOutput",
      "x": 5.90625,
      "y": 0.15625
    }
  ],
  "symbols": [
    {
      "lib": "basic",
      "cell": "iopin",
      "shapes": [
        {
          "type": "polygon",
          "layer": "annotate",
          "fillStyle": 1,
          "points": [
            [
              0.0875,
              0.0
            ],
            [
              0.03125,
              0.05625
            ],
            [
              -0.03125,
              0.05625
            ],
            [
              -0.0875,
              0.0
            ],
            [
              -0.03125,
              -0.05625
            ],
            [
              0.03125,
              -0.05625
            ]
          ]
        },
        {
          "type": "rect",
          "layer": "instance",
          "fillStyle": 1,
          "bBox": [
            [
              -0.0875,
              -0.0625
            ],
            [
              0.0875,
              0.0625
            ]
          ]
        },
        {
          "type": "polygon",
          "layer": "pin",
          "fillStyle": 2,
          "points": [
            [
              0.0875,
              0.0
            ],
            [
              0.03125,
              -0.05625
            ],
            [
              -0.03125,
              -0.05625
            ],
            [
              -0.0875,
              0.0
            ],
            [
              -0.03125,
              0.05625
            ],
            [
              0.03125,
              0.05625
            ]
          ]
        }
      ],
      "pins": [
        {
          "name": "iopin",
          "direction": "inputOutput",
          "x": 0.0,
          "y": 0.0
        }
      ]
    },
    {
      "lib": "amacro3_0_gen_TB_mos3",
      "cell": "nch_25od33_dnw_mac",
      "shapes": [
        {
          "type": "label",
          "layer": "annotate",
          "text": "cdsParam(3)",
          "xy": [
            0.3125,
            -0.025
          ],
          "orient": "R0",
          "height": 0.05,
          "justify": "lowerLeft"
        },
        {
          "type": "label",
          "layer": "annotate",
          "text": "cdsParam(1)",
          "xy": [
            0.3125,
            0.1375
          ],
          "orient": "R0",
          "height": 0.05,
          "justify": "lowerLeft"
        },
        {
          "type": "label",
          "layer": "annotate",
          "text": "cdsParam(4)",
          "xy": [
            0.3125,
            -0.1625
          ],
          "orient": "R0",
          "height": 0.05,
          "justify": "lowerLeft"
        },
        {
          "type": "label",
          "layer": "annotate",
          "text": "cdsParam(5)",
          "xy": [
            0.3125,
            -0.2375
          ],
          "orient": "R0",
          "height": 0.05,
          "justify": "lowerLeft"
        },
        {
          "type": "label",
          "layer": "annotate",
          "text": "cdsParam(6)",
          "xy": [
            0.3125,
            -0.3125
          ],
          "orient": "R0",
          "height": 0.05,
          "justify": "lowerLeft"
        },
        {
          "type": "label",
          "layer": "annotate",
          "text": "cdsParam(7)",
          "xy": [
            0.3125,
            -0.3875
          ],
          "orient": "R0",
          "height": 0.05,
          "justify": "lowerLeft"
        },
        {
          "type": "label",
          "layer": "annotate",
          "text": "cdsParam(8)",
          "xy": [
            0.3125,
            -0.4625
          ],
          "orient": "R0",
          "height": 0.05,
          "justify": "lowerLeft"
        },
        {
          "type": "label",
          "layer": "annotate",
          "text": "cdsParam(2)",
          "xy": [
            0.3125,
            0.05625
          ],
          "orient": "R0",
          "height": 0.05,
          "justify": "lowerLeft"
        },
        {
          "type": "rect",
          "layer": "instance",
          "fillStyle": 1,
          "bBox": [
            [
              -0.00625,
              0.15
            ],
            [
              0.2375,
              0.175
            ]
          ]
        },
        {
          "type": "rect",
          "layer": "instance",
          "fillStyle": 1,
          "bBox": [
            [
              -0.00625,
              -0.175
            ],
            [
              0.2375,
              -0.15
            ]
          ]
        },
        {
          "type": "label",
          "layer": "device",
          "text": "[@cellName]",
          "xy": [
            0.2,
            0.2
          ],
          "orient": "R0",
          "height": 0.05,
          "justify": "lowerRight"
        },
        {
          "type": "label",
          "layer": "annotate",
          "text": "cdsName()",
          "xy": [
            0.3125,
            0.21875
          ],
          "orient": "R0",
          "height": 0.05,
          "justify": "lowerLeft"
        },
        {
          "type": "label",
          "layer": "annotate",
          "text": "cdsTerm(\"D\")",
          "xy": [
            0.21875,
            0.125
          ],
          "orient": "R0",
          "height": 0.05,
          "justify": "lowerRight"
        },
        {
          "type": "label",
          "layer": "annotate",
          "text": "cdsTerm(\"B\")",
          "xy": [
            0.30625,
            -0.0875
          ],
          "orient": "R0",
          "height": 0.05,
          "justify": "lowerLeft"
        },
        {
          "type": "label",
          "layer": "annotate",
          "text": "cdsTerm(\"G\")",
          "xy": [
            0.09375,
            0.0375
          ],
          "orient": "R0",
          "height": 0.05,
          "justify": "lowerRight"
        },
        {
          "type": "label",
          "layer": "annotate",
          "text": "cdsTerm(\"S\")",
          "xy": [
            0.21875,
            -0.18125
          ],
          "orient": "R0",
          "height": 0.05,
          "justify": "lowerRight"
        },
        {
          "type": "line",
          "layer": "device",
          "points": [
            [
              0.09375,
              0.09375
            ],
            [
              0.09375,
              -0.09375
            ]
          ]
        },
        {
          "type": "line",
          "layer": "device",
          "points": [
            [
              0.125,
              -0.09375
            ],
            [
              0.125,
              0.09375
            ]
          ]
        },
        {
          "type": "rect",
          "layer": "device",
          "fillStyle": 1,
          "bBox": [
            [
              0.09375,
              -0.09375
            ],
            [
              0.10625,
              0.09375
            ]
          ]
        },
        {
          "type": "rect",
          "layer": "device",
          "fillStyle": 1,
          "bBox": [
            [
              0.09375,
              -0.09375
            ],
            [
              0.10625,
              0.09375
            ]
          ]
        },
        {
          "type": "line",
          "layer": "device",
          "points": [
            [
              0.09375,
              0.09375
            ],
            [
              0.09375,
              -0.09375
            ]
          ]
        },
        {
          "type": "line",
          "layer": "device",
          "points": [
            [
              0.125,
              -0.09375
            ],
            [
              0.125,
              0.09375
            ]
          ]
        },
        {
          "type": "rect",
          "layer": "pin",
          "fillStyle": 2,
          "bBox": [
            [
              0.2375,
              0.175
            ],
            [
              0.2625,
              0.2
            ]
          ]
        },
        {
          "type": "rect",
          "layer": "pin",
          "fillStyle": 2,
          "bBox": [
            [
              0.2375,
              -0.2
            ],
            [
              0.2625,
              -0.175
            ]
          ]
        },
        {
          "type": "rect",
          "layer": "pin",
          "fillStyle": 2,
          "bBox": [
            [
              -0.0125,
              -0.0125
            ],
            [
              0.0125,
              0.0125
            ]
          ]
        },
        {
          "type": "rect",
          "layer": "pin",
          "fillStyle": 2,
          "bBox": [
            [
              0.2375,
              -0.075
            ],
            [
              0.2625,
              -0.05
            ]
          ]
        },
        {
          "type": "line",
          "layer": "device",
          "points": [
            [
              0.125,
              -0.09375
            ],
            [
              0.25,
              -0.09375
            ],
            [
              0.25,
              -0.1875
            ]
          ]
        },
        {
          "type": "line",
          "layer": "device",
          "points": [
            [
              0.125,
              0.09375
            ],
            [
              0.25,
              0.09375
            ],
            [
              0.25,
              0.1875
            ]
          ]
        },
        {
          "type": "line",
          "layer": "device",
          "points": [
            [
              0.125,
              0.09375
            ],
            [
              0.25,
              0.09375
            ],
            [
              0.25,
              0.1875
            ]
          ]
        },
        {
          "type": "line",
          "layer": "device",
          "points": [
            [
              0.125,
              -0.09375
            ],
            [
              0.25,
              -0.09375
            ],
            [
              0.25,
              -0.1875
            ]
          ]
        },
        {
          "type": "line",
          "layer": "device",
          "points": [
            [
              0.0,
              0.0
            ],
            [
              0.09375,
              0.0
            ]
          ]
        },
        {
          "type": "line",
          "layer": "device",
          "points": [
            [
              0.0,
              0.0
            ],
            [
              0.09375,
              0.0
            ]
          ]
        },
        {
          "type": "line",
          "layer": "device",
          "points": [
            [
              0.1875,
              -0.0625
            ],
            [
              0.25,
              -0.09375
            ],
            [
              0.1875,
              -0.125
            ]
          ]
        },
        {
          "type": "line",
          "layer": "device",
          "points": [
            [
              0.1875,
              -0.0625
            ],
            [
              0.25,
              -0.09375
            ],
            [
              0.1875,
              -0.125
            ]
          ]
        }
      ],
      "pins": [
        {
          "name": "B",
          "direction": "inputOutput",
          "x": 0.25,
          "y": -0.0625
        },
        {
          "name": "S",
          "direction": "inputOutput",
          "x": 0.25,
          "y": -0.1875
        },
        {
          "name": "D",
          "direction": "inputOutput",
          "x": 0.25,
          "y": 0.1875
        },
        {
          "name": "G",
          "direction": "inputOutput",
          "x": 0.0,
          "y": 0.0
        }
      ]
    },
    {
      "lib": "amacro3_0_gen_TB_mos3",
      "cell": "pch_25od33_mac",
      "shapes": [
        {
          "type": "rect",
          "layer": "instance",
          "fillStyle": 1,
          "bBox": [
            [
              -0.00625,
              -0.175
            ],
            [
              0.2375,
              -0.15
            ]
          ]
        },
        {
          "type": "rect",
          "layer": "instance",
          "fillStyle": 1,
          "bBox": [
            [
              -0.00625,
              0.15
            ],
            [
              0.2375,
              0.175
            ]
          ]
        },
        {
          "type": "rect",
          "layer": "pin",
          "fillStyle": 2,
          "bBox": [
            [
              -0.0125,
              -0.0125
            ],
            [
              0.0125,
              0.0125
            ]
          ]
        },
        {
          "type": "rect",
          "layer": "pin",
          "fillStyle": 2,
          "bBox": [
            [
              0.2375,
              -0.2
            ],
            [
              0.2625,
              -0.175
            ]
          ]
        },
        {
          "type": "rect",
          "layer": "pin",
          "fillStyle": 2,
          "bBox": [
            [
              0.2375,
              0.05
            ],
            [
              0.2625,
              0.075
            ]
          ]
        },
        {
          "type": "rect",
          "layer": "pin",
          "fillStyle": 2,
          "bBox": [
            [
              0.2375,
              0.175
            ],
            [
              0.2625,
              0.2
            ]
          ]
        },
        {
          "type": "label",
          "layer": "device",
          "text": "[@cellName]",
          "xy": [
            0.20625,
            0.2
          ],
          "orient": "R0",
          "height": 0.05,
          "justify": "lowerRight"
        },
        {
          "type": "label",
          "layer": "annotate",
          "text": "cdsName()",
          "xy": [
            0.30625,
            0.2125
          ],
          "orient": "R0",
          "height": 0.05,
          "justify": "lowerLeft"
        },
        {
          "type": "label",
          "layer": "annotate",
          "text": "cdsParam(7)",
          "xy": [
            0.30625,
            -0.39375
          ],
          "orient": "R0",
          "height": 0.05,
          "justify": "lowerLeft"
        },
        {
          "type": "label",
          "layer": "annotate",
          "text": "cdsParam(1)",
          "xy": [
            0.30625,
            0.13125
          ],
          "orient": "R0",
          "height": 0.05,
          "justify": "lowerLeft"
        },
        {
          "type": "label",
          "layer": "annotate",
          "text": "cdsParam(5)",
          "xy": [
            0.30625,
            -0.24375
          ],
          "orient": "R0",
          "height": 0.05,
          "justify": "lowerLeft"
        },
        {
          "type": "label",
          "layer": "annotate",
          "text": "cdsParam(8)",
          "xy": [
            0.30625,
            -0.46875
          ],
          "orient": "R0",
          "height": 0.05,
          "justify": "lowerLeft"
        },
        {
          "type": "label",
          "layer": "annotate",
          "text": "cdsParam(3)",
          "xy": [
            0.30625,
            -0.09375
          ],
          "orient": "R0",
          "height": 0.05,
          "justify": "lowerLeft"
        },
        {
          "type": "label",
          "layer": "annotate",
          "text": "cdsParam(2)",
          "xy": [
            0.30625,
            -0.0125
          ],
          "orient": "R0",
          "height": 0.05,
          "justify": "lowerLeft"
        },
        {
          "type": "label",
          "layer": "annotate",
          "text": "cdsParam(4)",
          "xy": [
            0.30625,
            -0.16875
          ],
          "orient": "R0",
          "height": 0.05,
          "justify": "lowerLeft"
        },
        {
          "type": "label",
          "layer": "annotate",
          "text": "cdsParam(6)",
          "xy": [
            0.30625,
            -0.31875
          ],
          "orient": "R0",
          "height": 0.05,
          "justify": "lowerLeft"
        },
        {
          "type": "label",
          "layer": "annotate",
          "text": "cdsTerm(\"B\")",
          "xy": [
            0.3125,
            0.0625
          ],
          "orient": "R0",
          "height": 0.05,
          "justify": "lowerLeft"
        },
        {
          "type": "label",
          "layer": "annotate",
          "text": "cdsTerm(\"G\")",
          "xy": [
            0.09375,
            0.0375
          ],
          "orient": "R0",
          "height": 0.05,
          "justify": "lowerRight"
        },
        {
          "type": "label",
          "layer": "annotate",
          "text": "cdsTerm(\"S\")",
          "xy": [
            0.21875,
            0.125
          ],
          "orient": "R0",
          "height": 0.05,
          "justify": "lowerRight"
        },
        {
          "type": "label",
          "layer": "annotate",
          "text": "cdsTerm(\"D\")",
          "xy": [
            0.21875,
            -0.18125
          ],
          "orient": "R0",
          "height": 0.05,
          "justify": "lowerRight"
        },
        {
          "type": "line",
          "layer": "device",
          "points": [
            [
              0.09375,
              0.09375
            ],
            [
              0.09375,
              -0.09375
            ]
          ]
        },
        {
          "type": "rect",
          "layer": "device",
          "fillStyle": 1,
          "bBox": [
            [
              0.09375,
              -0.09375
            ],
            [
              0.10625,
              0.09375
            ]
          ]
        },
        {
          "type": "line",
          "layer": "device",
          "points": [
            [
              0.125,
              -0.09375
            ],
            [
              0.25,
              -0.09375
            ],
            [
              0.25,
              -0.1875
            ]
          ]
        },
        {
          "type": "line",
          "layer": "device",
          "points": [
            [
              0.23125,
              0.125
            ],
            [
              0.16875,
              0.09375
            ],
            [
              0.23125,
              0.0625
            ]
          ]
        },
        {
          "type": "line",
          "layer": "device",
          "points": [
            [
              0.125,
              0.09375
            ],
            [
              0.25,
              0.09375
            ],
            [
              0.25,
              0.1875
            ]
          ]
        },
        {
          "type": "line",
          "layer": "device",
          "points": [
            [
              0.125,
              -0.09375
            ],
            [
              0.125,
              0.09375
            ]
          ]
        },
        {
          "type": "ellipse",
          "layer": "device",
          "fillStyle": 1,
          "bBox": [
            [
              0.04375,
              -0.025
            ],
            [
              0.09375,
              0.025
            ]
          ]
        },
        {
          "type": "line",
          "layer": "device",
          "points": [
            [
              0.0,
              0.0
            ],
            [
              0.04375,
              0.0
            ]
          ]
        }
      ],
      "pins": [
        {
          "name": "S",
          "direction": "inputOutput",
          "x": 0.25,
          "y": 0.1875
        },
        {
          "name": "B",
          "direction": "inputOutput",
          "x": 0.25,
          "y": 0.0625
        },
        {
          "name": "G",
          "direction": "inputOutput",
          "x": 0.0,
          "y": 0.0
        },
        {
          "name": "D",
          "direction": "inputOutput",
          "x": 0.25,
          "y": -0.1875
        }
      ]
    },
    {
      "lib": "tsmcN28",
      "cell": "rupolym",
      "shapes": [
        {
          "type": "label",
          "layer": "device",
          "text": "[@cellName]",
          "xy": [
            -0.0625,
            0.01875
          ],
          "orient": "R0",
          "height": 0.05,
          "justify": "lowerRight"
        },
        {
          "type": "label",
          "layer": "annotate",
          "text": "cdsName()",
          "xy": [
            0.0875,
            0.03125
          ],
          "orient": "R0",
          "height": 0.05,
          "justify": "lowerLeft"
        },
        {
          "type": "label",
          "layer": "annotate",
          "text": "cdsParam(7)",
          "xy": [
            0.0875,
            -0.5125
          ],
          "orient": "R0",
          "height": 0.05,
          "justify": "lowerLeft"
        },
        {
          "type": "label",
          "layer": "annotate",
          "text": "cdsParam(1)",
          "xy": [
            0.0875,
            -0.05
          ],
          "orient": "R0",
          "height": 0.05,
          "justify": "lowerLeft"
        },
        {
          "type": "label",
          "layer": "annotate",
          "text": "cdsParam(8)",
          "xy": [
            0.0875,
            -0.5875
          ],
          "orient": "R0",
          "height": 0.05,
          "justify": "lowerLeft"
        },
        {
          "type": "label",
          "layer": "annotate",
          "text": "cdsParam(5)",
          "xy": [
            0.0875,
            -0.3625
          ],
          "orient": "R0",
          "height": 0.05,
          "justify": "lowerLeft"
        },
        {
          "type": "label",
          "layer": "annotate",
          "text": "cdsParam(4)",
          "xy": [
            0.0875,
            -0.2875
          ],
          "orient": "R0",
          "height": 0.05,
          "justify": "lowerLeft"
        },
        {
          "type": "label",
          "layer": "annotate",
          "text": "cdsParam(6)",
          "xy": [
            0.0875,
            -0.4375
          ],
          "orient": "R0",
          "height": 0.05,
          "justify": "lowerLeft"
        },
        {
          "type": "label",
          "layer": "annotate",
          "text": "cdsParam(3)",
          "xy": [
            0.0875,
            -0.2125
          ],
          "orient": "R0",
          "height": 0.05,
          "justify": "lowerLeft"
        },
        {
          "type": "label",
          "layer": "annotate",
          "text": "cdsParam(2)",
          "xy": [
            0.0875,
            -0.13125
          ],
          "orient": "R0",
          "height": 0.05,
          "justify": "lowerLeft"
        },
        {
          "type": "label",
          "layer": "annotate",
          "text": "cdsTerm(\"MINUS\")",
          "xy": [
            -0.0625,
            -0.375
          ],
          "orient": "R0",
          "height": 0.05,
          "justify": "lowerRight"
        },
        {
          "type": "label",
          "layer": "annotate",
          "text": "cdsTerm(\"PLUS\")",
          "xy": [
            -0.0625,
            -0.0625
          ],
          "orient": "R0",
          "height": 0.05,
          "justify": "lowerRight"
        },
        {
          "type": "line",
          "layer": "device",
          "points": [
            [
              0.0,
              -0.375
            ],
            [
              0.0,
              -0.3
            ],
            [
              -0.0625,
              -0.28125
            ],
            [
              0.0625,
              -0.24375
            ],
            [
              -0.0625,
              -0.20625
            ],
            [
              0.0625,
              -0.16875
            ],
            [
              -0.0625,
              -0.13125
            ],
            [
              0.0625,
              -0.09375
            ],
            [
              0.0,
              -0.075
            ],
            [
              0.0,
              0.0
            ]
          ]
        },
        {
          "type": "rect",
          "layer": "instance",
          "fillStyle": 1,
          "bBox": [
            [
              -0.125,
              -0.375
            ],
            [
              0.125,
              0.0
            ]
          ]
        },
        {
          "type": "rect",
          "layer": "pin",
          "fillStyle": 2,
          "bBox": [
            [
              -0.0125,
              -0.0125
            ],
            [
              0.0125,
              0.0125
            ]
          ]
        },
        {
          "type": "rect",
          "layer": "pin",
          "fillStyle": 2,
          "bBox": [
            [
              -0.0125,
              -0.3875
            ],
            [
              0.0125,
              -0.3625
            ]
          ]
        }
      ],
      "pins": [
        {
          "name": "MINUS",
          "direction": "inputOutput",
          "x": 0.0,
          "y": -0.375
        },
        {
          "name": "PLUS",
          "direction": "inputOutput",
          "x": 0.0,
          "y": 0.0
        }
      ]
    },
    {
      "lib": "amacro3_0_gen_TB_mos3",
      "cell": "ipin",
      "shapes": [
        {
          "type": "polygon",
          "layer": "annotate",
          "fillStyle": 1,
          "points": [
            [
              -0.125,
              -0.05625
            ],
            [
              -0.125,
              0.05625
            ],
            [
              -0.05625,
              0.05625
            ],
            [
              0.0,
              0.0
            ],
            [
              -0.05625,
              -0.05625
            ]
          ]
        },
        {
          "type": "rect",
          "layer": "instance",
          "fillStyle": 1,
          "bBox": [
            [
              -0.125,
              -0.0625
            ],
            [
              0.0,
              0.0625
            ]
          ]
        },
        {
          "type": "polygon",
          "layer": "pin",
          "fillStyle": 2,
          "points": [
            [
              -0.125,
              -0.05625
            ],
            [
              -0.125,
              0.05625
            ],
            [
              -0.05625,
              0.05625
            ],
            [
              0.0,
              0.0
            ],
            [
              -0.05625,
              -0.05625
            ]
          ]
        }
      ],
      "pins": [
        {
          "name": "ipin",
          "direction": "input",
          "x": -0.0625,
          "y": 0.0
        }
      ]
    }
  ],
  "labels": [
    {
      "type": "label",
      "layer": "wire",
      "text": "vref",
      "xy": [
        1.0,
        -1.26875
      ],
      "orient": "R0",
      "height": 0.0625,
      "justify": "lowerCenter"
    },
    {
      "type": "label",
      "layer": "wire",
      "text": "vin",
      "xy": [
        7.21875,
        -1.26875
      ],
      "orient": "R0",
      "height": 0.0625,
      "justify": "lowerCenter"
    },
    {
      "type": "label",
      "layer": "wire",
      "text": "vdda",
      "xy": [
        2.40625,
        1.29375
      ],
      "orient": "R0",
      "height": 0.0625,
      "justify": "lowerCenter"
    },
    {
      "type": "label",
      "layer": "wire",
      "text": "gnda",
      "xy": [
        4.90625,
        -1.925
      ],
      "orient": "R0",
      "height": 0.0625,
      "justify": "lowerCenter"
    },
    {
      "type": "label",
      "layer": "wire",
      "text": "en",
      "xy": [
        0.59375,
        0.91875
      ],
      "orient": "R0",
      "height": 0.0625,
      "justify": "lowerCenter"
    },
    {
      "type": "label",
      "layer": "wire",
      "text": "en",
      "xy": [
        3.03125,
        0.98125
      ],
      "orient": "R0",
      "height": 0.0625,
      "justify": "lowerCenter"
    },
    {
      "type": "label",
      "layer": "wire",
      "text": "en",
      "xy": [
        5.21875,
        0.98125
      ],
      "orient": "R0",
      "height": 0.0625,
      "justify": "lowerCenter"
    },
    {
      "type": "label",
      "layer": "wire",
      "text": "enb",
      "xy": [
        2.0,
        -1.3625
      ],
      "orient": "R0",
      "height": 0.0625,
      "justify": "lowerCenter"
    },
    {
      "type": "label",
      "layer": "wire",
      "text": "enb",
      "xy": [
        5.0,
        -1.3625
      ],
      "orient": "R0",
      "height": 0.0625,
      "justify": "lowerCenter"
    },
    {
      "type": "label",
      "layer": "wire",
      "text": "iout",
      "xy": [
        5.83125,
        0.25
      ],
      "orient": "R90",
      "height": 0.0625,
      "justify": "lowerCenter"
    },
    {
      "type": "label",
      "layer": "text",
      "text": "Current in TT3.3V27C Vin=1V",
      "xy": [
        3.1875,
        2.1875
      ],
      "orient": "R0",
      "height": 0.1,
      "justify": "lowerCenter"
    },
    {
      "type": "label",
      "layer": "text",
      "text": "1uA",
      "xy": [
        0.28125,
        1.34375
      ],
      "orient": "R0",
      "height": 0.1,
      "justify": "lowerCenter"
    },
    {
      "type": "label",
      "layer": "text",
      "text": "1uA",
      "xy": [
        1.375,
        1.34375
      ],
      "orient": "R0",
      "height": 0.1,
      "justify": "lowerCenter"
    },
    {
      "type": "label",
      "layer": "text",
      "text": "0.5uA",
      "xy": [
        2.71875,
        1.34375
      ],
      "orient": "R0",
      "height": 0.1,
      "justify": "lowerCenter"
    },
    {
      "type": "label",
      "layer": "text",
      "text": "0.5uA",
      "xy": [
        3.96875,
        1.34375
      ],
      "orient": "R0",
      "height": 0.1,
      "justify": "lowerCenter"
    },
    {
      "type": "label",
      "layer": "text",
      "text": "7.5uA",
      "xy": [
        4.96875,
        1.34375
      ],
      "orient": "R0",
      "height": 0.1,
      "justify": "lowerCenter"
    },
    {
      "type": "label",
      "layer": "text",
      "text": "7.5uA",
      "xy": [
        5.90625,
        1.34375
      ],
      "orient": "R0",
      "height": 0.1,
      "justify": "lowerCenter"
    },
    {
      "type": "label",
      "layer": "text",
      "text": "1uA",
      "xy": [
        6.6875,
        1.34375
      ],
      "orient": "R0",
      "height": 0.1,
      "justify": "lowerCenter"
    },
    {
      "type": "label",
      "layer": "text",
      "text": "matched",
      "xy": [
        3.4375,
        -2.0625
      ],
      "orient": "R0",
      "height": 0.1,
      "justify": "lowerCenter"
    },
    {
      "type": "label",
      "layer": "wire",
      "text": "enb",
      "xy": [
        -1.1875,
        -1.58125
      ],
      "orient": "R0",
      "height": 0.0625,
      "justify": "lowerCenter"
    },
    {
      "type": "label",
      "layer": "text",
      "text": "finger width is changed to fit A-cell by Jack Yao on 07/25/2025",
      "xy": [
        3.8125,
        3.0
      ],
      "orient": "R0",
      "height": 0.2,
      "justify": "lowerCenter"
    },
    {
      "type": "label",
      "layer": "text",
      "text": "Add 4 dummies by Jack Yao on 08/15/2025",
      "xy": [
        10.1875,
        -5.125
      ],
      "orient": "R0",
      "height": 0.1,
      "justify": "lowerCenter"
    }
  ],
  "shapes": [
    {
      "type": "ellipse",
      "layer": "wire",
      "fillStyle": 2,
      "bBox": [
        [
          0.90625,
          0.53125
        ],
        [
          0.96875,
          0.59375
        ]
      ]
    },
    {
      "type": "ellipse",
      "layer": "wire",
      "fillStyle": 2,
      "bBox": [
        [
          3.96875,
          -2.03125
        ],
        [
          4.03125,
          -1.96875
        ]
      ]
    },
    {
      "type": "ellipse",
      "layer": "wire",
      "fillStyle": 2,
      "bBox": [
        [
          2.71875,
          0.28125
        ],
        [
          2.78125,
          0.34375
        ]
      ]
    },
    {
      "type": "ellipse",
      "layer": "wire",
      "fillStyle": 2,
      "bBox": [
        [
          3.03125,
          0.53125
        ],
        [
          3.09375,
          0.59375
        ]
      ]
    },
    {
      "type": "ellipse",
      "layer": "wire",
      "fillStyle": 2,
      "bBox": [
        [
          0.21875,
          -2.03125
        ],
        [
          0.28125,
          -1.96875
        ]
      ]
    },
    {
      "type": "ellipse",
      "layer": "wire",
      "fillStyle": 2,
      "bBox": [
        [
          3.96875,
          -1.28125
        ],
        [
          4.03125,
          -1.21875
        ]
      ]
    },
    {
      "type": "ellipse",
      "layer": "wire",
      "fillStyle": 2,
      "bBox": [
        [
          2.71875,
          1.21875
        ],
        [
          2.78125,
          1.28125
        ]
      ]
    },
    {
      "type": "ellipse",
      "layer": "wire",
      "fillStyle": 2,
      "bBox": [
        [
          1.34375,
          -0.96875
        ],
        [
          1.40625,
          -0.90625
        ]
      ]
    },
    {
      "type": "ellipse",
      "layer": "wire",
      "fillStyle": 2,
      "bBox": [
        [
          2.71875,
          -1.28125
        ],
        [
          2.78125,
          -1.21875
        ]
      ]
    },
    {
      "type": "ellipse",
      "layer": "wire",
      "fillStyle": 2,
      "bBox": [
        [
          3.96875,
          1.21875
        ],
        [
          4.03125,
          1.28125
        ]
      ]
    },
    {
      "type": "ellipse",
      "layer": "wire",
      "fillStyle": 2,
      "bBox": [
        [
          2.71875,
          -2.03125
        ],
        [
          2.78125,
          -1.96875
        ]
      ]
    },
    {
      "type": "ellipse",
      "layer": "wire",
      "fillStyle": 2,
      "bBox": [
        [
          0.90625,
          1.21875
        ],
        [
          0.96875,
          1.28125
        ]
      ]
    },
    {
      "type": "ellipse",
      "layer": "wire",
      "fillStyle": 2,
      "bBox": [
        [
          0.5625,
          0.53125
        ],
        [
          0.625,
          0.59375
        ]
      ]
    },
    {
      "type": "ellipse",
      "layer": "wire",
      "fillStyle": 2,
      "bBox": [
        [
          0.96875,
          0.53125
        ],
        [
          1.03125,
          0.59375
        ]
      ]
    },
    {
      "type": "ellipse",
      "layer": "wire",
      "fillStyle": 2,
      "bBox": [
        [
          4.96875,
          1.21875
        ],
        [
          5.03125,
          1.28125
        ]
      ]
    },
    {
      "type": "ellipse",
      "layer": "wire",
      "fillStyle": 2,
      "bBox": [
        [
          5.84375,
          1.21875
        ],
        [
          5.90625,
          1.28125
        ]
      ]
    },
    {
      "type": "ellipse",
      "layer": "wire",
      "fillStyle": 2,
      "bBox": [
        [
          3.96875,
          0.21875
        ],
        [
          4.03125,
          0.28125
        ]
      ]
    },
    {
      "type": "ellipse",
      "layer": "wire",
      "fillStyle": 2,
      "bBox": [
        [
          4.96875,
          0.21875
        ],
        [
          5.03125,
          0.28125
        ]
      ]
    },
    {
      "type": "ellipse",
      "layer": "wire",
      "fillStyle": 2,
      "bBox": [
        [
          5.28125,
          0.53125
        ],
        [
          5.34375,
          0.59375
        ]
      ]
    },
    {
      "type": "ellipse",
      "layer": "wire",
      "fillStyle": 2,
      "bBox": [
        [
          5.53125,
          0.53125
        ],
        [
          5.59375,
          0.59375
        ]
      ]
    },
    {
      "type": "ellipse",
      "layer": "wire",
      "fillStyle": 2,
      "bBox": [
        [
          1.34375,
          1.21875
        ],
        [
          1.40625,
          1.28125
        ]
      ]
    },
    {
      "type": "ellipse",
      "layer": "wire",
      "fillStyle": 2,
      "bBox": [
        [
          -1.34375,
          -1.03125
        ],
        [
          -1.28125,
          -0.96875
        ]
      ]
    },
    {
      "type": "ellipse",
      "layer": "wire",
      "fillStyle": 2,
      "bBox": [
        [
          6.71875,
          -0.96875
        ],
        [
          6.78125,
          -0.90625
        ]
      ]
    },
    {
      "type": "ellipse",
      "layer": "wire",
      "fillStyle": 2,
      "bBox": [
        [
          0.21875,
          0.21875
        ],
        [
          0.28125,
          0.28125
        ]
      ]
    },
    {
      "type": "ellipse",
      "layer": "wire",
      "fillStyle": 2,
      "bBox": [
        [
          5.53125,
          1.21875
        ],
        [
          5.59375,
          1.28125
        ]
      ]
    },
    {
      "type": "ellipse",
      "layer": "wire",
      "fillStyle": 2,
      "bBox": [
        [
          3.34375,
          1.21875
        ],
        [
          3.40625,
          1.28125
        ]
      ]
    },
    {
      "type": "ellipse",
      "layer": "wire",
      "fillStyle": 2,
      "bBox": [
        [
          3.34375,
          0.53125
        ],
        [
          3.40625,
          0.59375
        ]
      ]
    },
    {
      "type": "ellipse",
      "layer": "wire",
      "fillStyle": 2,
      "bBox": [
        [
          1.34375,
          -2.03125
        ],
        [
          1.40625,
          -1.96875
        ]
      ]
    },
    {
      "type": "ellipse",
      "layer": "wire",
      "fillStyle": 2,
      "bBox": [
        [
          -1.03125,
          -1.34375
        ],
        [
          -0.96875,
          -1.28125
        ]
      ]
    },
    {
      "type": "ellipse",
      "layer": "wire",
      "fillStyle": 2,
      "bBox": [
        [
          2.34375,
          -2.03125
        ],
        [
          2.40625,
          -1.96875
        ]
      ]
    },
    {
      "type": "ellipse",
      "layer": "wire",
      "fillStyle": 2,
      "bBox": [
        [
          2.34375,
          -0.96875
        ],
        [
          2.40625,
          -0.90625
        ]
      ]
    },
    {
      "type": "ellipse",
      "layer": "wire",
      "fillStyle": 2,
      "bBox": [
        [
          5.34375,
          -2.03125
        ],
        [
          5.40625,
          -1.96875
        ]
      ]
    },
    {
      "type": "ellipse",
      "layer": "wire",
      "fillStyle": 2,
      "bBox": [
        [
          5.34375,
          -0.96875
        ],
        [
          5.40625,
          -0.90625
        ]
      ]
    },
    {
      "type": "ellipse",
      "layer": "wire",
      "fillStyle": 2,
      "bBox": [
        [
          -0.84375,
          -2.03125
        ],
        [
          -0.78125,
          -1.96875
        ]
      ]
    },
    {
      "type": "ellipse",
      "layer": "wire",
      "fillStyle": 2,
      "bBox": [
        [
          -0.84375,
          -1.34375
        ],
        [
          -0.78125,
          -1.28125
        ]
      ]
    },
    {
      "type": "ellipse",
      "layer": "text",
      "fillStyle": 1,
      "bBox": [
        [
          2.625,
          -2.0
        ],
        [
          4.25,
          -1.375
        ]
      ]
    }
  ]
}