{
  "layer_order": [
    "text",
    "pin",
    "wire",
    "annotate",
    "instance",
    "device"
  ],
  "device": {
    "stroke_color": "#000000",
    "stroke_width": 2.0,
    "text_color": "#000000",
    "font_zoom": 1.2,
    "font_family": "Verdana",
    "label_sch_visible": false,
    "shape_sch_visible": true
  },
  "instance": {
    "stroke_color": "#000000",
    "stroke_width": 1.0,
    "text_color": "#000000",
    "font_zoom": 1.0,
    "font_family": "Verdana",
    "label_sch_visible": false,
    "shape_sch_visible": false
  },
  "wire": {
    "stroke_color": "#000000",
    "stroke_width": 2.0,
    "text_color": "#000000",
    "font_zoom": 1.2,
    "font_family": "Verdana",
    "label_sch_visible": false,
    "shape_sch_visible": true
  },
  "wire_show_intersection": true,
  "wire_intersection_scale": 0.6,
  "annotate": {
    "stroke_color": "#00FF00",
    "stroke_width": 1.0,
    "text_color": "#FF9900",
    "font_zoom": 1.0,
    "font_family": "Verdana",
    "label_sch_visible": false,
    "shape_sch_visible": false
  },
  "pin": {
    "stroke_color": "#000000",
    "stroke_width": 2.0,
    "text_color": "#000000",
    "font_zoom": 1.0,
    "font_family": "Verdana",
    "label_sch_visible": false,
    "shape_sch_visible": false
  },
  "text": {
    "stroke_color": "#000000",
    "stroke_width": 1.0,
    "text_color": "#000000",
    "font_zoom": 2.0,
    "font_family": "Times New Roman",
    "label_sch_visible": false,
    "shape_sch_visible": true
  }
}