{
  "layer_order": [
    "text",
    "pin",
    "wire",
    "annotate",
    "instance",
    "device"
  ],
  "device": {
    "stroke_color": "#5ac36d",
    "stroke_width": 3.0,
    "text_color": "#e93423",
    "font_zoom": 1.2,
    "font_family": "Verdana",
    "sch_visible": true
  },
  "instance": {
    "stroke_color": "#e93423",
    "stroke_width": 1.0,
    "text_color": "#e93423",
    "font_zoom": 1.0,
    "font_family": "Verdana",
    "sch_visible": false
  },
  "wire": {
    "stroke_color": "#64bdf9",
    "stroke_width": 2.0,
    "text_color": "#64bdf9",
    "font_zoom": 1.2,
    "font_family": "Verdana",
    "sch_visible": true
  },
  "wire_show_intersection": true,
  "wire_intersection_scale": 1.0,
  "annotate": {
    "stroke_color": "#5ac36d",
    "stroke_width": 1.0,
    "text_color": "#ee8733",
    "font_zoom": 1.0,
    "font_family": "Verdana",
    "sch_visible": false
  },
  "pin": {
    "stroke_color": "#e93423",
    "stroke_width": 2.0,
    "text_color": "#e93423",
    "font_zoom": 1.2,
    "font_family": "Verdana",
    "sch_visible": true
  },
  "text": {
    "stroke_color": "#666666",
    "stroke_width": 1.0,
    "text_color": "#666666",
    "font_zoom": 2.0,
    "font_family": "Times New Roman",
    "sch_visible": false
  }
}